{
  "target": "AH",
  "horizons": [
    1,
    2,
    3
  ],
  "rows_total": 300,
  "rows_train": 210,
  "rows_val": 45,
  "rows_test": 45,
  "models": {
    "H+1": {
      "paths": {
        "hgb": "./artifacts\\model_AH_H1_hgb.joblib"
      },
      "metrics_hgb": {
        "val": {
          "MAE": 0.005833706276254692,
          "RMSE": 0.009869737125592266,
          "R2": 0.9980214292691993
        },
        "test": {
          "MAE": 0.080518104567138,
          "RMSE": 0.10946768386808305,
          "R2": 0.746412246753744
        }
      },
      "metrics_rf": null,
      "top_features_val": {
        "AH_lag1": 0.34958058582450907,
        "AH_rollmean3": 0.035338137157964036,
        "AH_lag3": 0.02496630490360885,
        "AH_rollmean12": 0.013947297087069321,
        "PT08.S3(NOx)_rollmean12": 0.013646888181629601,
        "AH_lag2": 0.011390781058848342,
        "PT08.S5(O3)_rollmean12": 0.005449093775474245,
        "RH_lag12": 0.0032979153353414727,
        "AH_rollstd12": 0.002494161638860337,
        "AH_rollstd3": 0.0019521559212045015,
        "PT08.S5(O3)_rollmean6": 0.0015800814711949052,
        "PT08.S1(CO)_lag1": 0.0015721702026981089,
        "PT08.S3(NOx)_lag1": 0.0014568078471248968,
        "PT08.S4(NO2)_rollmean12": 0.0009922404426955245,
        "T_lag3": 0.0009058846134307296,
        "T_rollstd12": 0.0008856533257700861,
        "T_lag2": 0.0008340587960564694,
        "PT08.S5(O3)_lag3": 0.0007253732232388899,
        "RH_lag6": 0.0006408118559214415,
        "PT08.S1(CO)_lag24": 0.0006379627415493028
      }
    },
    "H+2": {
      "paths": {
        "hgb": "./artifacts\\model_AH_H2_hgb.joblib"
      },
      "metrics_hgb": {
        "val": {
          "MAE": 0.008022382149665507,
          "RMSE": 0.014463855184991397,
          "R2": 0.9954456844102356
        },
        "test": {
          "MAE": 0.09008807700878513,
          "RMSE": 0.12322298608414263,
          "R2": 0.6744783198257447
        }
      },
      "metrics_rf": null,
      "top_features_val": {
        "AH_lag1": 0.3141700933249322,
        "AH_rollmean12": 0.0789979341798871,
        "AH_lag2": 0.027795132097221842,
        "PT08.S5(O3)_rollmean12": 0.01990982183648362,
        "AH_rollstd3": 0.011187534516756869,
        "PT08.S3(NOx)_rollmean12": 0.005383634540837434,
        "AH_rollmean3": 0.005322769325205923,
        "PT08.S1(CO)_lag24": 0.004793493966212781,
        "NOx(GT)_lag6": 0.0033996529562586807,
        "AH_lag3": 0.0033317017173603468,
        "AH_rollstd12": 0.003208770895343638,
        "RH_lag12": 0.0029395284640838073,
        "T_lag12": 0.002254159978988235,
        "NO2(GT)_lag12": 0.002143160206507866,
        "PT08.S5(O3)_rollmean3": 0.0016366354471704758,
        "PT08.S5(O3)_rollstd6": 0.0014011328121354527,
        "AH_lag12": 0.0013857427000661283,
        "PT08.S3(NOx)_lag1": 0.0013599077478868792,
        "NMHC(GT)_lag24": 0.0012389436264305998,
        "PT08.S5(O3)_rollstd12": 0.0011341576521849861
      }
    },
    "H+3": {
      "paths": {
        "hgb": "./artifacts\\model_AH_H3_hgb.joblib"
      },
      "metrics_hgb": {
        "val": {
          "MAE": 0.007407778530940442,
          "RMSE": 0.01481153445998301,
          "R2": 0.9950298454496802
        },
        "test": {
          "MAE": 0.11231566618814985,
          "RMSE": 0.14095127648552147,
          "R2": 0.5587813538457487
        }
      },
      "metrics_rf": null,
      "top_features_val": {
        "AH_lag1": 0.46546238071613477,
        "AH_rollmean12": 0.06700017240332459,
        "PT08.S5(O3)_rollmean12": 0.06629248845671658,
        "PT08.S5(O3)_rollstd12": 0.01450983473562113,
        "AH_rollmean3": 0.013825347979070157,
        "AH_rollstd12": 0.0066693879374459366,
        "NOx(GT)_lag6": 0.005870329800068163,
        "T_rollstd3": 0.004634080134491669,
        "RH_rollmean6": 0.003925955941334935,
        "PT08.S5(O3)_rollmean3": 0.0031609044555673147,
        "PT08.S5(O3)_rollstd6": 0.0026302476108827745,
        "NOx(GT)_rollmean12": 0.002556493343671651,
        "T_lag12": 0.0020730174148760215,
        "NO2(GT)_lag24": 0.0019307571263425193,
        "NO2(GT)_lag12": 0.001907542764442227,
        "PT08.S1(CO)_lag24": 0.0015009092916660415,
        "PT08.S1(CO)_lag12": 0.0014796945838224662,
        "AH_rollstd3": 0.0014219194675775038,
        "AH_rollmean6": 0.00120998462632933,
        "hour_lag3": 0.0012082784311655548
      }
    }
  }
}