{
  "target": "CO(GT)",
  "horizons": [
    1,
    2,
    3
  ],
  "rows_total": 262,
  "rows_train": 183,
  "rows_val": 39,
  "rows_test": 40,
  "models": {
    "H+1": {
      "paths": {
        "hgb": "./artifacts\\model_CO(GT)_H1_hgb.joblib"
      },
      "metrics_hgb": {
        "val": {
          "MAE": 0.08500663424587832,
          "RMSE": 0.12092452940875606,
          "R2": 0.9944231111814746
        },
        "test": {
          "MAE": 0.5311780228043883,
          "RMSE": 0.6688900764266362,
          "R2": 0.7936734643737967
        }
      },
      "metrics_rf": null,
      "top_features_val": {
        "hour_lag3": 0.25659209933158467,
        "NOx(GT)_rollmean3": 0.028418807443650995,
        "PT08.S4(NO2)_lag24": 0.01640293452283803,
        "PT08.S4(NO2)_lag1": 0.015613263678844436,
        "C6H6(GT)_lag24": 0.014235478379321976,
        "RH_rollstd12": 0.011856980905780556,
        "NOx(GT)_rollstd12": 0.011065991678877719,
        "C6H6(GT)_lag3": 0.010044863392472103,
        "T_lag12": 0.010033415471154262,
        "NOx(GT)_lag1": 0.009875599954603742,
        "PT08.S2(NMHC)_rollmean3": 0.009784663621524237,
        "T_lag1": 0.008225748801587284,
        "hour_lag1": 0.00784890520018371,
        "PT08.S5(O3)_rollmean3": 0.005375996956778839,
        "RH_lag12": 0.005300894312298898,
        "AH_lag24": 0.0052533217864752626,
        "PT08.S1(CO)_lag24": 0.004878945507644494,
        "PT08.S4(NO2)_rollstd12": 0.003094465057251039,
        "PT08.S3(NOx)_rollstd6": 0.0029682301644524457,
        "PT08.S5(O3)_rollmean12": 0.002887771531846761
      }
    },
    "H+2": {
      "paths": {
        "hgb": "./artifacts\\model_CO(GT)_H2_hgb.joblib"
      },
      "metrics_hgb": {
        "val": {
          "MAE": 0.057299899877611846,
          "RMSE": 0.0811078274022889,
          "R2": 0.9974006817723544
        },
        "test": {
          "MAE": 0.4667645250681405,
          "RMSE": 0.6029793606784111,
          "R2": 0.836219224291541
        }
      },
      "metrics_rf": null,
      "top_features_val": {
        "hour_lag3": 0.6524570799073872,
        "PT08.S1(CO)_lag24": 0.028713569696221762,
        "T_lag1": 0.024349787376913512,
        "RH_rollstd12": 0.02351433160038985,
        "NOx(GT)_rollmean3": 0.01850930086453677,
        "NOx(GT)_rollstd12": 0.014061273687534492,
        "PT08.S1(CO)_rollmean6": 0.010253314726453189,
        "PT08.S1(CO)_rollstd6": 0.008941155328223704,
        "NOx(GT)_lag1": 0.008735177551016248,
        "NOx(GT)_lag2": 0.008498804979154761,
        "PT08.S3(NOx)_rollmean3": 0.004840914609964386,
        "PT08.S5(O3)_lag2": 0.00481879017778486,
        "AH_rollstd12": 0.004722170622257993,
        "AH_lag24": 0.004475715904000688,
        "PT08.S4(NO2)_rollmean3": 0.004041302427121374,
        "PT08.S5(O3)_rollmean12": 0.0038711484240920857,
        "RH_lag1": 0.0035940833547301486,
        "PT08.S5(O3)_lag1": 0.0034524931643747925,
        "CO(GT)_rollmean3": 0.003041888535696824,
        "NOx(GT)_rollmean6": 0.0028500543569603743
      }
    },
    "H+3": {
      "paths": {
        "hgb": "./artifacts\\model_CO(GT)_H3_hgb.joblib"
      },
      "metrics_hgb": {
        "val": {
          "MAE": 0.09665969400937975,
          "RMSE": 0.1489469974468457,
          "R2": 0.9898775778922044
        },
        "test": {
          "MAE": 0.5522547083441374,
          "RMSE": 0.6932944786060523,
          "R2": 0.6579621539800837
        }
      },
      "metrics_rf": null,
      "top_features_val": {
        "hour_lag3": 0.45267066694925023,
        "PT08.S1(CO)_lag24": 0.08194788178274215,
        "NO2(GT)_lag24": 0.020015630906980487,
        "RH_rollstd12": 0.018545126136235,
        "T_lag24": 0.01287379631226604,
        "PT08.S4(NO2)_lag2": 0.011667776121472273,
        "NO2(GT)_rollstd12": 0.010211028846015524,
        "NOx(GT)_rollstd12": 0.00854388488576685,
        "AH_rollstd6": 0.008300400648436424,
        "NOx(GT)_rollmean3": 0.006471467908330841,
        "NOx(GT)_lag1": 0.006299677071093357,
        "RH_lag24": 0.0060691080656865015,
        "PT08.S5(O3)_lag6": 0.005959806623940222,
        "NOx(GT)_lag6": 0.005894876498647328,
        "NOx(GT)_lag24": 0.005797526927591478,
        "NOx(GT)_rollmean12": 0.005465745166969094,
        "C6H6(GT)_rollstd3": 0.004712954917760937,
        "NMHC(GT)_lag1": 0.004401081118177474,
        "PT08.S1(CO)_rollstd6": 0.003794953989608585,
        "CO(GT)_rollstd3": 0.00370753376586721
      }
    }
  }
}