{
  "target": "PT08.S4(NO2)",
  "horizons": [
    1,
    2,
    3
  ],
  "rows_total": 300,
  "rows_train": 210,
  "rows_val": 45,
  "rows_test": 45,
  "models": {
    "H+1": {
      "paths": {
        "hgb": "./artifacts\\model_PT08.S4(NO2)_H1_hgb.joblib"
      },
      "metrics_hgb": {
        "val": {
          "MAE": 14.013117488923182,
          "RMSE": 21.18759813844955,
          "R2": 0.9942911062933995
        },
        "test": {
          "MAE": 144.29639141835207,
          "RMSE": 176.36727904550403,
          "R2": 0.7175202601114699
        }
      },
      "metrics_rf": null,
      "top_features_val": {
        "hour_lag3": 0.21595902744120865,
        "PT08.S4(NO2)_lag1": 0.05926219064550033,
        "T_lag1": 0.05164053214816382,
        "C6H6(GT)_lag1": 0.030596367384853627,
        "NOx(GT)_rollmean12": 0.030009146956928644,
        "PT08.S4(NO2)_lag24": 0.0298221446608115,
        "NOx(GT)_lag1": 0.028579271800406803,
        "NMHC(GT)_lag12": 0.018634924491167992,
        "RH_lag12": 0.010380910719929148,
        "PT08.S1(CO)_lag1": 0.00929289942396232,
        "NOx(GT)_rollmean3": 0.009223588132487049,
        "PT08.S4(NO2)_rollstd12": 0.00581221631497888,
        "PT08.S5(O3)_rollmean12": 0.00573721047974507,
        "PT08.S3(NOx)_lag1": 0.005660462176832959,
        "AH_lag24": 0.005553285921784235,
        "PT08.S3(NOx)_rollstd6": 0.005118470280952891,
        "NOx(GT)_lag2": 0.004606027701434656,
        "PT08.S5(O3)_lag3": 0.004520459781876851,
        "T_lag12": 0.004222385203777823,
        "PT08.S1(CO)_lag24": 0.003649726806059528
      }
    },
    "H+2": {
      "paths": {
        "hgb": "./artifacts\\model_PT08.S4(NO2)_H2_hgb.joblib"
      },
      "metrics_hgb": {
        "val": {
          "MAE": 14.34958727803633,
          "RMSE": 22.97190568769443,
          "R2": 0.9927309619264206
        },
        "test": {
          "MAE": 134.489482089546,
          "RMSE": 185.06457466980305,
          "R2": 0.6496744554618505
        }
      },
      "metrics_rf": null,
      "top_features_val": {
        "hour_lag3": 0.3554934621449276,
        "T_lag1": 0.0687491801471092,
        "PT08.S1(CO)_lag24": 0.026557720688348007,
        "NOx(GT)_rollmean3": 0.023814903354890317,
        "PT08.S4(NO2)_lag1": 0.015530944242575595,
        "PT08.S2(NMHC)_lag1": 0.014732876698875463,
        "T_lag24": 0.014000098450462262,
        "C6H6(GT)_lag1": 0.009888676471630675,
        "PT08.S5(O3)_lag24": 0.009241810517171989,
        "NOx(GT)_rollstd12": 0.007367796073289146,
        "RH_lag2": 0.006879551195437661,
        "PT08.S5(O3)_rollmean12": 0.006867952167068037,
        "PT08.S4(NO2)_rollmean3": 0.0064108849292977554,
        "PT08.S1(CO)_rollmean6": 0.005913979161633431,
        "PT08.S4(NO2)_lag3": 0.005867046545870047,
        "PT08.S1(CO)_rollstd6": 0.004487339025220938,
        "PT08.S5(O3)_rollstd12": 0.004389419886177937,
        "NOx(GT)_lag1": 0.004117962529085606,
        "NOx(GT)_rollmean6": 0.004066266981619137,
        "T_rollmean3": 0.0034576219234673466
      }
    },
    "H+3": {
      "paths": {
        "hgb": "./artifacts\\model_PT08.S4(NO2)_H3_hgb.joblib"
      },
      "metrics_hgb": {
        "val": {
          "MAE": 17.135182714197946,
          "RMSE": 34.087127012875996,
          "R2": 0.9804990379139639
        },
        "test": {
          "MAE": 135.845044736429,
          "RMSE": 175.31666746810373,
          "R2": 0.5061121209919006
        }
      },
      "metrics_rf": null,
      "top_features_val": {
        "hour_lag3": 0.3090936478073836,
        "PT08.S1(CO)_lag24": 0.06613736910563679,
        "PT08.S4(NO2)_rollmean3": 0.06575773796161948,
        "T_lag24": 0.01863760369352192,
        "PT08.S5(O3)_rollmean12": 0.01749508649007554,
        "NOx(GT)_lag24": 0.012686722405133865,
        "PT08.S3(NOx)_rollmean6": 0.011498929090033094,
        "NOx(GT)_rollmean6": 0.009280390591729137,
        "NOx(GT)_rollmean3": 0.008506492795685317,
        "NOx(GT)_rollstd12": 0.008435770840307045,
        "T_lag1": 0.007966905726841977,
        "RH_lag1": 0.007934901348241352,
        "AH_rollstd12": 0.0073374450767797585,
        "AH_rollstd6": 0.007293481523256262,
        "RH_rollstd12": 0.007290602411215263,
        "PT08.S2(NMHC)_rollstd3": 0.006392041245279523,
        "NO2(GT)_lag12": 0.006067304997489575,
        "NO2(GT)_lag24": 0.005666496907553586,
        "PT08.S5(O3)_rollmean3": 0.005437575234990155,
        "CO(GT)_rollstd3": 0.005302447384862763
      }
    }
  }
}