{
  "target": "PT08.S2(NMHC)",
  "horizons": [
    1,
    2,
    3
  ],
  "rows_total": 300,
  "rows_train": 210,
  "rows_val": 45,
  "rows_test": 45,
  "models": {
    "H+1": {
      "paths": {
        "hgb": "./artifacts\\model_PT08.S2(NMHC)_H1_hgb.joblib"
      },
      "metrics_hgb": {
        "val": {
          "MAE": 14.773811801773192,
          "RMSE": 21.073971618919337,
          "R2": 0.9928846503881296
        },
        "test": {
          "MAE": 99.76003051550171,
          "RMSE": 123.4674671714387,
          "R2": 0.8267863231158631
        }
      },
      "metrics_rf": null,
      "top_features_val": {
        "hour_lag3": 0.3824714081678773,
        "C6H6(GT)_lag1": 0.07048962402613497,
        "T_lag1": 0.02104175253284619,
        "NOx(GT)_rollmean3": 0.019184249427933973,
        "PT08.S5(O3)_rollstd12": 0.015060567523070657,
        "NOx(GT)_lag1": 0.01394305277547545,
        "T_lag12": 0.010677847660057194,
        "PT08.S2(NMHC)_lag24": 0.009453740447557379,
        "PT08.S2(NMHC)_rollmean3": 0.008773568133627485,
        "PT08.S2(NMHC)_lag1": 0.007227700981891183,
        "T_rollstd12": 0.006369531174570908,
        "CO(GT)_lag1": 0.006173995440426872,
        "AH_lag24": 0.006153757482939582,
        "hour_lag2": 0.005949508189917374,
        "NOx(GT)_rollmean12": 0.004983342765845422,
        "NOx(GT)_rollstd12": 0.004593752177160693,
        "PT08.S4(NO2)_lag24": 0.004360416659438782,
        "C6H6(GT)_lag24": 0.004336019470252639,
        "NMHC(GT)_lag12": 0.004330977449217177,
        "PT08.S3(NOx)_rollstd6": 0.004266515246513292
      }
    },
    "H+2": {
      "paths": {
        "hgb": "./artifacts\\model_PT08.S2(NMHC)_H2_hgb.joblib"
      },
      "metrics_hgb": {
        "val": {
          "MAE": 14.206308494750445,
          "RMSE": 21.679555670500722,
          "R2": 0.9922627115546522
        },
        "test": {
          "MAE": 94.34150379405348,
          "RMSE": 122.24845101716122,
          "R2": 0.815484565064817
        }
      },
      "metrics_rf": null,
      "top_features_val": {
        "hour_lag3": 0.5876801133879165,
        "NOx(GT)_rollmean3": 0.06127512474042127,
        "T_lag1": 0.027895683515862957,
        "PT08.S4(NO2)_lag3": 0.026677763100164297,
        "CO(GT)_lag1": 0.011016952364250886,
        "PT08.S5(O3)_lag2": 0.008735350399924836,
        "PT08.S4(NO2)_lag24": 0.008100316717138933,
        "NO2(GT)_lag24": 0.008016186332910302,
        "PT08.S4(NO2)_lag2": 0.007674203077524688,
        "AH_rollstd6": 0.006665525948109252,
        "NOx(GT)_rollstd12": 0.00539245996584663,
        "PT08.S5(O3)_lag24": 0.005262251545053864,
        "RH_lag1": 0.00494122035457274,
        "PT08.S3(NOx)_rollstd12": 0.004785456479305439,
        "PT08.S1(CO)_rollstd6": 0.004516321095978304,
        "RH_lag24": 0.004287966508960883,
        "NO2(GT)_rollstd12": 0.00422190988321518,
        "NOx(GT)_lag1": 0.004068940873269922,
        "AH_rollstd12": 0.003982070189281983,
        "PT08.S5(O3)_rollstd12": 0.003434096725515157
      }
    },
    "H+3": {
      "paths": {
        "hgb": "./artifacts\\model_PT08.S2(NMHC)_H3_hgb.joblib"
      },
      "metrics_hgb": {
        "val": {
          "MAE": 14.083337593022113,
          "RMSE": 21.530678505707087,
          "R2": 0.9904494513001602
        },
        "test": {
          "MAE": 106.2061429986902,
          "RMSE": 136.9452782071508,
          "R2": 0.6623100357154925
        }
      },
      "metrics_rf": null,
      "top_features_val": {
        "hour_lag3": 0.4138951103075243,
        "PT08.S1(CO)_lag24": 0.05887012569853656,
        "NOx(GT)_rollstd12": 0.015677715779205893,
        "RH_rollstd12": 0.013970940948080601,
        "PT08.S4(NO2)_lag2": 0.013873157762588084,
        "NOx(GT)_lag24": 0.013254475649815255,
        "NOx(GT)_rollmean3": 0.012435792851030159,
        "AH_rollstd12": 0.012233555333218326,
        "NMHC(GT)_lag12": 0.011310438557527136,
        "C6H6(GT)_lag1": 0.010032842766968586,
        "PT08.S2(NMHC)_lag24": 0.008900356495915474,
        "AH_rollstd6": 0.007692602228628176,
        "hour_lag2": 0.006201352900879575,
        "PT08.S5(O3)_rollstd12": 0.006010270826662412,
        "CO(GT)_rollstd3": 0.005477896334990229,
        "NMHC(GT)_lag1": 0.005464287171875503,
        "NOx(GT)_lag2": 0.005033049315118654,
        "C6H6(GT)_lag12": 0.004842826907838727,
        "PT08.S4(NO2)_rollstd12": 0.004525903387993901,
        "RH_lag24": 0.004502079048079621
      }
    }
  }
}