{
  "target": "PT08.S1(CO)",
  "horizons": [
    1,
    2,
    3
  ],
  "rows_total": 300,
  "rows_train": 210,
  "rows_val": 45,
  "rows_test": 45,
  "models": {
    "H+1": {
      "paths": {
        "hgb": "./artifacts\\model_PT08.S1(CO)_H1_hgb.joblib"
      },
      "metrics_hgb": {
        "val": {
          "MAE": 11.52254956466732,
          "RMSE": 15.70853159773118,
          "R2": 0.9954089560624281
        },
        "test": {
          "MAE": 101.81868417694024,
          "RMSE": 126.01132175437375,
          "R2": 0.7726719382974079
        }
      },
      "metrics_rf": null,
      "top_features_val": {
        "PT08.S1(CO)_lag1": 0.26755450702296,
        "hour_lag3": 0.1833746926162856,
        "PT08.S1(CO)_lag24": 0.05038079615262816,
        "NOx(GT)_rollmean3": 0.026747304638460333,
        "T_lag12": 0.01859472156218056,
        "T_lag1": 0.014439841554711808,
        "RH_lag1": 0.013564412240687052,
        "AH_lag24": 0.013028315962372639,
        "NO2(GT)_rollmean3": 0.009959795245767223,
        "PT08.S3(NOx)_rollstd6": 0.007412383874515216,
        "PT08.S1(CO)_rollmean12": 0.006633279821256677,
        "T_rollstd12": 0.006333859072755054,
        "PT08.S1(CO)_rollmean6": 0.005844275446942437,
        "T_rollmean3": 0.005287053085113525,
        "PT08.S3(NOx)_rollmean3": 0.0040115460179471095,
        "NOx(GT)_lag2": 0.0037906532774338864,
        "CO(GT)_lag1": 0.0035469604168917534,
        "NMHC(GT)_lag12": 0.003537099957701595,
        "C6H6(GT)_lag1": 0.0032581010366397713,
        "RH_lag24": 0.003205175496663193
      }
    },
    "H+2": {
      "paths": {
        "hgb": "./artifacts\\model_PT08.S1(CO)_H2_hgb.joblib"
      },
      "metrics_hgb": {
        "val": {
          "MAE": 11.989310639675097,
          "RMSE": 19.71237633897698,
          "R2": 0.9924527896624794
        },
        "test": {
          "MAE": 111.7797362831263,
          "RMSE": 141.225805620988,
          "R2": 0.6925680951816295
        }
      },
      "metrics_rf": null,
      "top_features_val": {
        "hour_lag3": 0.2562331494131628,
        "T_lag1": 0.10704230713836926,
        "NOx(GT)_rollmean3": 0.06154473160173872,
        "PT08.S1(CO)_lag1": 0.044217600904584174,
        "C6H6(GT)_lag1": 0.033597412662152146,
        "PT08.S5(O3)_rollmean12": 0.02028523083647782,
        "PT08.S1(CO)_lag24": 0.014705517959873871,
        "CO(GT)_lag12": 0.012836700157971092,
        "NOx(GT)_rollstd12": 0.012395314573719363,
        "T_rollmean3": 0.009787092627326488,
        "AH_rollstd6": 0.009222669847192088,
        "NOx(GT)_lag1": 0.00769803417566175,
        "NO2(GT)_lag12": 0.006776534819552893,
        "PT08.S5(O3)_lag1": 0.006033663458030536,
        "T_rollmean6": 0.005908695879068659,
        "NO2(GT)_lag24": 0.005495463354458141,
        "NO2(GT)_rollmean3": 0.005446151507573016,
        "T_rollmean12": 0.005393766388633936,
        "AH_lag24": 0.005078719648131847,
        "PT08.S3(NOx)_lag1": 0.0050532329189013625
      }
    },
    "H+3": {
      "paths": {
        "hgb": "./artifacts\\model_PT08.S1(CO)_H3_hgb.joblib"
      },
      "metrics_hgb": {
        "val": {
          "MAE": 13.469022922547884,
          "RMSE": 19.7905039311729,
          "R2": 0.9905164215025902
        },
        "test": {
          "MAE": 103.44435468862063,
          "RMSE": 131.56725843633032,
          "R2": 0.6289201865090525
        }
      },
      "metrics_rf": null,
      "top_features_val": {
        "hour_lag3": 0.30698194572116916,
        "C6H6(GT)_lag1": 0.049136803999330333,
        "PT08.S1(CO)_lag24": 0.025582799479166175,
        "NOx(GT)_lag1": 0.018546735999373776,
        "T_rollmean3": 0.017714255781490086,
        "T_rollstd12": 0.01619621685971644,
        "T_lag1": 0.01583788031099953,
        "RH_lag24": 0.01486287992254487,
        "NOx(GT)_rollmean3": 0.014552042895817019,
        "NOx(GT)_rollstd12": 0.01324769794515348,
        "NO2(GT)_lag24": 0.012069172101974734,
        "AH_rollstd12": 0.011708422211736468,
        "NO2(GT)_rollstd12": 0.009371336774820094,
        "T_lag24": 0.008321412392440664,
        "NOx(GT)_lag24": 0.008094642227621041,
        "NOx(GT)_lag2": 0.0068867668034271025,
        "hour_rollstd12": 0.006765465368163359,
        "AH_rollstd6": 0.006495700990169917,
        "T_rollmean12": 0.006399813293960421,
        "PT08.S2(NMHC)_lag24": 0.006035476412018959
      }
    }
  }
}