{
  "target": "C6H6(GT)",
  "horizons": [
    1,
    2,
    3
  ],
  "rows_total": 300,
  "rows_train": 210,
  "rows_val": 45,
  "rows_test": 45,
  "models": {
    "H+1": {
      "paths": {
        "hgb": "./artifacts\\model_C6H6(GT)_H1_hgb.joblib"
      },
      "metrics_hgb": {
        "val": {
          "MAE": 0.42501423018941187,
          "RMSE": 0.6511807160029541,
          "R2": 0.9903076328369204
        },
        "test": {
          "MAE": 2.686116199427421,
          "RMSE": 3.6256934043515554,
          "R2": 0.8175966880557543
        }
      },
      "metrics_rf": null,
      "top_features_val": {
        "hour_lag3": 0.32031419681032314,
        "T_lag1": 0.11388337101246368,
        "T_lag12": 0.029870386770614578,
        "PT08.S2(NMHC)_lag24": 0.025478288979522555,
        "NOx(GT)_rollmean3": 0.021406336734403043,
        "C6H6(GT)_lag1": 0.020709336952040892,
        "RH_lag12": 0.01270990649563164,
        "NMHC(GT)_lag12": 0.011724370885990742,
        "PT08.S5(O3)_rollstd12": 0.009193548851563116,
        "hour_lag2": 0.009181289183255137,
        "NOx(GT)_lag1": 0.00883916036238117,
        "PT08.S2(NMHC)_rollmean3": 0.008634239402231736,
        "NO2(GT)_rollmean3": 0.006844732945778675,
        "T_lag2": 0.006841961737470692,
        "PT08.S3(NOx)_lag6": 0.00678210703772153,
        "NOx(GT)_lag3": 0.005588260562997038,
        "PT08.S4(NO2)_lag3": 0.005537904637880131,
        "PT08.S4(NO2)_lag24": 0.005526137148982091,
        "AH_lag24": 0.005339009288479168,
        "PT08.S2(NMHC)_lag1": 0.005148906784945484
      }
    },
    "H+2": {
      "paths": {
        "hgb": "./artifacts\\model_C6H6(GT)_H2_hgb.joblib"
      },
      "metrics_hgb": {
        "val": {
          "MAE": 0.4113534190187359,
          "RMSE": 0.7516037773595933,
          "R2": 0.9853624011463493
        },
        "test": {
          "MAE": 2.6694766120829265,
          "RMSE": 3.691352443571873,
          "R2": 0.7796203611836742
        }
      },
      "metrics_rf": null,
      "top_features_val": {
        "hour_lag3": 0.5470239404759758,
        "T_lag1": 0.07409682790187955,
        "NOx(GT)_rollstd12": 0.025869021067180854,
        "PT08.S1(CO)_lag24": 0.022447603387345815,
        "NOx(GT)_lag1": 0.01922041717195235,
        "RH_rollstd12": 0.0171332764186062,
        "PT08.S1(CO)_rollstd6": 0.016857528399426714,
        "RH_lag24": 0.013829018747694866,
        "NOx(GT)_rollmean3": 0.01287005298218249,
        "PT08.S5(O3)_lag2": 0.010013955493255922,
        "T_rollmean3": 0.00950001253287982,
        "NO2(GT)_rollmean3": 0.008711022386214396,
        "AH_lag12": 0.008442649523528179,
        "NO2(GT)_lag12": 0.007944897733134604,
        "T_lag6": 0.007436748834130547,
        "PT08.S4(NO2)_lag3": 0.0067035422382999196,
        "PT08.S4(NO2)_lag2": 0.0063707107677097195,
        "T_rollmean6": 0.006166667263286851,
        "PT08.S5(O3)_rollstd12": 0.006125279840448994,
        "PT08.S4(NO2)_lag24": 0.005733845693473438
      }
    },
    "H+3": {
      "paths": {
        "hgb": "./artifacts\\model_C6H6(GT)_H3_hgb.joblib"
      },
      "metrics_hgb": {
        "val": {
          "MAE": 0.44348603712025503,
          "RMSE": 0.8123825849214984,
          "R2": 0.9764987501362922
        },
        "test": {
          "MAE": 2.507226738768011,
          "RMSE": 3.4675630054951307,
          "R2": 0.652653606291403
        }
      },
      "metrics_rf": null,
      "top_features_val": {
        "hour_lag3": 0.47397940841866965,
        "PT08.S1(CO)_lag24": 0.03525441568803565,
        "NOx(GT)_lag24": 0.03476902509773401,
        "T_lag1": 0.02745967619659151,
        "C6H6(GT)_lag1": 0.022454469596335326,
        "NO2(GT)_lag24": 0.020328572807821476,
        "C6H6(GT)_lag12": 0.018066957502679993,
        "AH_rollstd6": 0.01705422000080168,
        "NOx(GT)_rollmean3": 0.016509984657173127,
        "PT08.S2(NMHC)_rollstd3": 0.01636391595782094,
        "AH_rollstd12": 0.0156834394751598,
        "NOx(GT)_rollstd12": 0.01263264677759246,
        "RH_lag24": 0.009264603264116756,
        "NOx(GT)_rollmean6": 0.009002081989610855,
        "RH_rollstd12": 0.008667724694902157,
        "NMHC(GT)_lag24": 0.008240178719730706,
        "PT08.S2(NMHC)_rollstd12": 0.007821707028875146,
        "RH_lag12": 0.007807274987070923,
        "T_lag24": 0.007729638851350496,
        "NO2(GT)_rollstd12": 0.006696668524394411
      }
    }
  }
}