{
  "target": "RH",
  "horizons": [
    1,
    2,
    3
  ],
  "rows_total": 300,
  "rows_train": 210,
  "rows_val": 45,
  "rows_test": 45,
  "models": {
    "H+1": {
      "paths": {
        "hgb": "./artifacts\\model_RH_H1_hgb.joblib"
      },
      "metrics_hgb": {
        "val": {
          "MAE": 0.6695420491273117,
          "RMSE": 1.3096466385570722,
          "R2": 0.9941523448471856
        },
        "test": {
          "MAE": 4.152992929244377,
          "RMSE": 5.381851565922335,
          "R2": 0.829867707666256
        }
      },
      "metrics_rf": null,
      "top_features_val": {
        "RH_lag1": 0.49056171597876386,
        "RH_lag2": 0.062271263161641735,
        "AH_lag1": 0.023175331990798596,
        "T_rollstd12": 0.014272098644544439,
        "T_rollstd3": 0.007943998274300968,
        "RH_rollmean3": 0.006675282621798217,
        "RH_rollmean6": 0.005470283428897593,
        "NOx(GT)_rollstd3": 0.004527438760576641,
        "PT08.S1(CO)_lag1": 0.0035998558076812516,
        "AH_lag12": 0.003420664220521141,
        "AH_lag3": 0.0029484850180663937,
        "AH_rollmean12": 0.002808502602572327,
        "PT08.S3(NOx)_rollstd6": 0.0025004433499716374,
        "AH_lag6": 0.0022561525613649103,
        "AH_rollstd6": 0.002144470501536788,
        "NMHC(GT)_lag3": 0.0021040297955071006,
        "PT08.S1(CO)_lag2": 0.0020919520964084227,
        "RH_lag24": 0.002041500312603395,
        "PT08.S5(O3)_lag1": 0.002020755250856454,
        "T_lag24": 0.0018003481770143327
      }
    },
    "H+2": {
      "paths": {
        "hgb": "./artifacts\\model_RH_H2_hgb.joblib"
      },
      "metrics_hgb": {
        "val": {
          "MAE": 0.7951856001203499,
          "RMSE": 1.4847261917832266,
          "R2": 0.9917351580653119
        },
        "test": {
          "MAE": 5.316841237106037,
          "RMSE": 6.320523687676582,
          "R2": 0.7552921923074838
        }
      },
      "metrics_rf": null,
      "top_features_val": {
        "RH_lag1": 0.22959387011807494,
        "RH_lag2": 0.06783101721661981,
        "RH_rollmean3": 0.05417041133595866,
        "T_rollstd12": 0.03325661363570755,
        "AH_lag1": 0.031206688016402074,
        "AH_rollmean3": 0.017059143854977154,
        "PT08.S3(NOx)_lag1": 0.015475533006767272,
        "PT08.S5(O3)_lag1": 0.01388687798534014,
        "AH_rollmean12": 0.009108132183284167,
        "PT08.S4(NO2)_rollmean12": 0.00784176653394002,
        "T_rollmean12": 0.004894674013192235,
        "T_lag24": 0.004715084730656738,
        "T_rollstd3": 0.003391373142498333,
        "RH_rollmean6": 0.003092453131339723,
        "AH_lag2": 0.003068419786817911,
        "AH_lag6": 0.0026173111649967938,
        "NMHC(GT)_lag1": 0.00254410610204705,
        "RH_lag24": 0.002357941245249928,
        "NMHC(GT)_lag24": 0.0022800424365902574,
        "AH_lag3": 0.0021296542632070815
      }
    },
    "H+3": {
      "paths": {
        "hgb": "./artifacts\\model_RH_H3_hgb.joblib"
      },
      "metrics_hgb": {
        "val": {
          "MAE": 0.7709881536199666,
          "RMSE": 1.6060499625641045,
          "R2": 0.9893946296746868
        },
        "test": {
          "MAE": 5.909546009190597,
          "RMSE": 7.329609323221535,
          "R2": 0.6433339888706486
        }
      },
      "metrics_rf": null,
      "top_features_val": {
        "RH_lag1": 0.3189265548245529,
        "AH_lag1": 0.07307875454250364,
        "RH_rollmean3": 0.02525454940512719,
        "AH_lag2": 0.012029867153132456,
        "PT08.S3(NOx)_lag1": 0.009782489065601908,
        "AH_rollmean12": 0.00972309388753143,
        "PT08.S5(O3)_lag1": 0.008066366634554623,
        "RH_lag2": 0.007878372280459577,
        "T_lag12": 0.007507404842409149,
        "RH_rollmean6": 0.0073997742134550345,
        "PT08.S4(NO2)_rollmean12": 0.006635521967856684,
        "T_rollstd12": 0.0065452931192484295,
        "PT08.S4(NO2)_rollmean6": 0.005893307451490392,
        "T_lag24": 0.0055105478026201025,
        "RH_rollstd12": 0.0052362924285623835,
        "NMHC(GT)_lag24": 0.004610907711437062,
        "T_rollmean12": 0.004301977172441939,
        "RH_lag24": 0.004055530576464262,
        "T_rollstd6": 0.003963900277363241,
        "NOx(GT)_rollmean12": 0.003554109629461788
      }
    }
  }
}