{
  "target": "PT08.S3(NOx)",
  "horizons": [
    1,
    2,
    3
  ],
  "rows_total": 300,
  "rows_train": 210,
  "rows_val": 45,
  "rows_test": 45,
  "models": {
    "H+1": {
      "paths": {
        "hgb": "./artifacts\\model_PT08.S3(NOx)_H1_hgb.joblib"
      },
      "metrics_hgb": {
        "val": {
          "MAE": 11.304939747441818,
          "RMSE": 15.1766589513865,
          "R2": 0.9963449722872006
        },
        "test": {
          "MAE": 101.73887411126782,
          "RMSE": 122.68482834616341,
          "R2": 0.7472634834802935
        }
      },
      "metrics_rf": null,
      "top_features_val": {
        "hour_lag3": 0.24565163948813246,
        "PT08.S3(NOx)_lag1": 0.038973322331004326,
        "C6H6(GT)_rollmean3": 0.029337274190389874,
        "NOx(GT)_rollmean3": 0.028554078882966703,
        "CO(GT)_lag1": 0.01739590437998717,
        "NMHC(GT)_lag1": 0.01571448122624297,
        "T_rollmean3": 0.010798859298138442,
        "PT08.S3(NOx)_rollstd12": 0.009148291308692791,
        "PT08.S4(NO2)_lag1": 0.007984753679881185,
        "PT08.S3(NOx)_rollmean12": 0.006345566563902593,
        "RH_lag1": 0.006167466456891857,
        "C6H6(GT)_lag1": 0.00610010742487539,
        "AH_lag24": 0.006061481841662419,
        "PT08.S1(CO)_lag24": 0.00593153804070643,
        "T_lag24": 0.005568813649079152,
        "PT08.S3(NOx)_rollstd3": 0.005275261483382754,
        "dow_rollstd12": 0.005204421581712792,
        "NOx(GT)_rollmean12": 0.004898549259483587,
        "AH_rollstd12": 0.0046603459167352534,
        "C6H6(GT)_lag6": 0.004382199986509461
      }
    },
    "H+2": {
      "paths": {
        "hgb": "./artifacts\\model_PT08.S3(NOx)_H2_hgb.joblib"
      },
      "metrics_hgb": {
        "val": {
          "MAE": 13.690301015489322,
          "RMSE": 20.247076497140924,
          "R2": 0.9949069575602841
        },
        "test": {
          "MAE": 126.528211765328,
          "RMSE": 157.76157228309341,
          "R2": 0.5895424215967304
        }
      },
      "metrics_rf": null,
      "top_features_val": {
        "hour_lag3": 0.17868153274948415,
        "NMHC(GT)_lag1": 0.043253469047819036,
        "RH_rollstd12": 0.03316447700745913,
        "PT08.S1(CO)_lag24": 0.017052915625274688,
        "T_lag12": 0.01296924879523984,
        "T_rollstd3": 0.012305865605435362,
        "C6H6(GT)_lag1": 0.012271087583679919,
        "PT08.S3(NOx)_rollstd12": 0.011962966552050536,
        "PT08.S4(NO2)_lag1": 0.011561885848730791,
        "T_lag24": 0.010165258026789182,
        "NO2(GT)_lag24": 0.009308714492634883,
        "hour_rollstd12": 0.007208895662862913,
        "C6H6(GT)_lag2": 0.006045361580294872,
        "dow_rollstd6": 0.005735760292743808,
        "T_lag1": 0.005127898732997882,
        "PT08.S3(NOx)_rollmean12": 0.004955384880646463,
        "PT08.S2(NMHC)_lag1": 0.004928072346693924,
        "RH_lag24": 0.004160243193922319,
        "PT08.S3(NOx)_lag12": 0.0039995782589027805,
        "PT08.S5(O3)_lag24": 0.0038631170274826543
      }
    },
    "H+3": {
      "paths": {
        "hgb": "./artifacts\\model_PT08.S3(NOx)_H3_hgb.joblib"
      },
      "metrics_hgb": {
        "val": {
          "MAE": 15.026332696529884,
          "RMSE": 23.340982157863866,
          "R2": 0.993669596480914
        },
        "test": {
          "MAE": 141.80599333778247,
          "RMSE": 173.44143391873027,
          "R2": 0.43217492838729465
        }
      },
      "metrics_rf": null,
      "top_features_val": {
        "hour_lag3": 0.12027344029616585,
        "NMHC(GT)_lag1": 0.03621916418173261,
        "RH_rollstd12": 0.034899612910064784,
        "T_lag24": 0.029588410821079526,
        "PT08.S1(CO)_lag24": 0.020573596398283534,
        "C6H6(GT)_lag1": 0.016646318957619876,
        "PT08.S3(NOx)_rollmean6": 0.011318675400717315,
        "RH_lag24": 0.008814683309078131,
        "NOx(GT)_rollmean3": 0.0077350956640572345,
        "PT08.S3(NOx)_rollstd3": 0.007124199811838339,
        "T_rollmean12": 0.00689099567971263,
        "PT08.S4(NO2)_rollmean3": 0.0062887480740985826,
        "NOx(GT)_lag24": 0.006027597363798298,
        "PT08.S3(NOx)_rollstd12": 0.005785595399817644,
        "T_rollstd3": 0.005763582103249054,
        "T_lag12": 0.005003873663239333,
        "RH_rollstd6": 0.00464187657397912,
        "hour_lag1": 0.004113745231711552,
        "PT08.S5(O3)_rollstd12": 0.004093732076737045,
        "NOx(GT)_rollmean6": 0.004062400050869663
      }
    }
  }
}