{
  "target": "NMHC(GT)",
  "horizons": [
    1,
    2,
    3
  ],
  "rows_total": 297,
  "rows_train": 207,
  "rows_val": 44,
  "rows_test": 46,
  "models": {
    "H+1": {
      "paths": {
        "hgb": "./artifacts\\model_NMHC(GT)_H1_hgb.joblib"
      },
      "metrics_hgb": {
        "val": {
          "MAE": 12.815342636641482,
          "RMSE": 18.044605657335474,
          "R2": 0.9933776223191831
        },
        "test": {
          "MAE": 64.47221167525399,
          "RMSE": 100.5931070031253,
          "R2": 0.8188303392132827
        }
      },
      "metrics_rf": null,
      "top_features_val": {
        "hour_lag3": 0.5839560055278321,
        "RH_lag12": 0.050376370145502294,
        "NMHC(GT)_rollstd12": 0.03459153634431507,
        "AH_lag24": 0.02848789837620478,
        "PT08.S3(NOx)_rollstd6": 0.01589850010804068,
        "NMHC(GT)_lag1": 0.014939015614902651,
        "NMHC(GT)_rollstd3": 0.00785432258072143,
        "T_lag1": 0.0071050892918854466,
        "PT08.S2(NMHC)_lag24": 0.005484586902823519,
        "PT08.S1(CO)_rollmean12": 0.004733698744522297,
        "C6H6(GT)_rollmean3": 0.0040085492536565456,
        "PT08.S5(O3)_lag2": 0.0035834744876494184,
        "NOx(GT)_lag3": 0.0035543706272504584,
        "T_lag2": 0.003339957227734014,
        "PT08.S1(CO)_lag2": 0.0032018112936697874,
        "NOx(GT)_lag12": 0.003121216948391692,
        "PT08.S5(O3)_rollstd12": 0.0030475809722039227,
        "NMHC(GT)_rollmean3": 0.002714545437456062,
        "PT08.S4(NO2)_rollmean6": 0.0026330535261953835,
        "PT08.S1(CO)_lag12": 0.0026110847989908813
      }
    },
    "H+2": {
      "paths": {
        "hgb": "./artifacts\\model_NMHC(GT)_H2_hgb.joblib"
      },
      "metrics_hgb": {
        "val": {
          "MAE": 12.126504923621116,
          "RMSE": 19.568488219850533,
          "R2": 0.9913283105303019
        },
        "test": {
          "MAE": 52.754116779591214,
          "RMSE": 76.61006624977962,
          "R2": 0.8746116049320384
        }
      },
      "metrics_rf": null,
      "top_features_val": {
        "hour_lag3": 0.6078239137905171,
        "PT08.S1(CO)_rollstd6": 0.024103395194023203,
        "AH_lag24": 0.01451073735124131,
        "RH_lag12": 0.012938714702305076,
        "T_lag24": 0.012753499967939796,
        "AH_lag12": 0.01243886141732251,
        "C6H6(GT)_lag3": 0.011526222800379914,
        "NMHC(GT)_rollmean12": 0.011396226996653835,
        "PT08.S1(CO)_lag24": 0.010509088342713534,
        "AH_rollstd6": 0.008875900779061774,
        "PT08.S1(CO)_rollstd3": 0.007263570054662871,
        "PT08.S5(O3)_rollstd3": 0.005408350427827524,
        "NMHC(GT)_rollstd12": 0.005121180881638776,
        "RH_lag24": 0.004631522687360334,
        "PT08.S3(NOx)_rollstd6": 0.004359689196807115,
        "PT08.S5(O3)_lag2": 0.004291389948868107,
        "RH_rollstd12": 0.0039019075945664118,
        "PT08.S5(O3)_rollstd6": 0.0032469928022406556,
        "PT08.S5(O3)_lag1": 0.0032081813712743655,
        "RH_lag1": 0.0030432619248274896
      }
    },
    "H+3": {
      "paths": {
        "hgb": "./artifacts\\model_NMHC(GT)_H3_hgb.joblib"
      },
      "metrics_hgb": {
        "val": {
          "MAE": 15.360766800209694,
          "RMSE": 34.25633045042034,
          "R2": 0.9660935241589834
        },
        "test": {
          "MAE": 51.85187720158167,
          "RMSE": 86.31501941547732,
          "R2": 0.6951546343386632
        }
      },
      "metrics_rf": null,
      "top_features_val": {
        "hour_lag3": 0.5270721123055567,
        "NOx(GT)_lag24": 0.06524784369759933,
        "AH_lag12": 0.037747429804689744,
        "PT08.S1(CO)_rollstd6": 0.018557554815537048,
        "hour_lag2": 0.01848555233643654,
        "T_lag24": 0.01804341102854612,
        "RH_lag12": 0.01703519908605109,
        "PT08.S2(NMHC)_rollstd3": 0.016017544063905476,
        "RH_rollmean12": 0.014141041354227401,
        "CO(GT)_lag12": 0.013806470756312828,
        "RH_lag24": 0.011415852958968697,
        "PT08.S1(CO)_lag24": 0.009182516203799018,
        "PT08.S1(CO)_lag12": 0.007855683619550292,
        "AH_rollstd6": 0.00734475789813438,
        "NMHC(GT)_lag12": 0.007291046940314083,
        "PT08.S1(CO)_rollstd3": 0.0052551464463096,
        "CO(GT)_rollstd6": 0.005020746224500194,
        "RH_rollstd6": 0.004532183843829696,
        "PT08.S2(NMHC)_rollstd12": 0.0044398875043857085,
        "PT08.S5(O3)_lag1": 0.004342947803843167
      }
    }
  }
}