{
  "target": "T",
  "horizons": [
    1,
    2,
    3
  ],
  "rows_total": 300,
  "rows_train": 210,
  "rows_val": 45,
  "rows_test": 45,
  "models": {
    "H+1": {
      "paths": {
        "hgb": "./artifacts\\model_T_H1_hgb.joblib"
      },
      "metrics_hgb": {
        "val": {
          "MAE": 0.19809765087014725,
          "RMSE": 0.4023036117906092,
          "R2": 0.9826708030131523
        },
        "test": {
          "MAE": 1.1400575446571655,
          "RMSE": 1.5406080391047752,
          "R2": 0.6211993631415132
        }
      },
      "metrics_rf": null,
      "top_features_val": {
        "T_lag1": 0.7171250144285288,
        "RH_lag24": 0.037310470537272364,
        "T_rollmean3": 0.0305012038597402,
        "T_rollstd3": 0.023448699813002082,
        "T_lag24": 0.01797072656608838,
        "T_rollstd12": 0.016678948514628655,
        "PT08.S2(NMHC)_rollstd6": 0.016401529235104562,
        "T_lag2": 0.015200694287663307,
        "T_lag3": 0.007034984425695323,
        "AH_rollstd6": 0.004589131616360653,
        "AH_rollstd12": 0.0042041296605764165,
        "T_rollmean12": 0.0041254019242558115,
        "hour_lag3": 0.004070878268439104,
        "PT08.S5(O3)_rollstd6": 0.003633595715523974,
        "T_rollmean6": 0.003470382105047909,
        "CO(GT)_rollstd12": 0.0033845983396319614,
        "PT08.S5(O3)_rollstd12": 0.0032981535732128364,
        "PT08.S3(NOx)_rollstd6": 0.0027603619113305776,
        "CO(GT)_rollstd6": 0.0026637922306725903,
        "CO(GT)_lag12": 0.002648451839917998
      }
    },
    "H+2": {
      "paths": {
        "hgb": "./artifacts\\model_T_H2_hgb.joblib"
      },
      "metrics_hgb": {
        "val": {
          "MAE": 0.1572045669135273,
          "RMSE": 0.3864837813897583,
          "R2": 0.9773263897781777
        },
        "test": {
          "MAE": 1.346528790202445,
          "RMSE": 1.7289380536325334,
          "R2": 0.39430240766422076
        }
      },
      "metrics_rf": null,
      "top_features_val": {
        "T_lag1": 0.6519791316036165,
        "RH_lag24": 0.05655921513460142,
        "T_rollstd12": 0.03877610756153442,
        "T_rollstd3": 0.03180026888179588,
        "T_lag2": 0.0253718332448565,
        "T_rollmean12": 0.016964346321997968,
        "T_rollmean3": 0.01387366001064414,
        "T_lag24": 0.01071882224797176,
        "C6H6(GT)_lag6": 0.007669394843249799,
        "PT08.S2(NMHC)_rollstd6": 0.0074483379628892624,
        "AH_rollstd12": 0.007425285804503479,
        "PT08.S5(O3)_lag6": 0.006406024934297583,
        "AH_lag3": 0.006374529828484609,
        "NMHC(GT)_lag24": 0.006155234398699805,
        "hour_lag3": 0.005749890920748424,
        "NOx(GT)_rollmean12": 0.005204284975477624,
        "T_rollmean6": 0.0048915373613485965,
        "RH_rollstd3": 0.004761725914634929,
        "PT08.S5(O3)_rollstd12": 0.004558764477193988,
        "AH_rollstd6": 0.004500626547278519
      }
    },
    "H+3": {
      "paths": {
        "hgb": "./artifacts\\model_T_H3_hgb.joblib"
      },
      "metrics_hgb": {
        "val": {
          "MAE": 0.11742747693358233,
          "RMSE": 0.2651163790532418,
          "R2": 0.9833886277674041
        },
        "test": {
          "MAE": 1.6413309794565394,
          "RMSE": 1.982819565690754,
          "R2": -0.16447020253508704
        }
      },
      "metrics_rf": null,
      "top_features_val": {
        "T_lag1": 0.5428645463162438,
        "T_rollmean12": 0.13015484925483167,
        "T_rollstd12": 0.06614941919279385,
        "AH_rollstd12": 0.06099753507361687,
        "RH_lag24": 0.04504418516532369,
        "T_lag2": 0.0157592352368348,
        "PT08.S5(O3)_lag6": 0.014132696164340852,
        "T_rollmean6": 0.014098769512747111,
        "CO(GT)_rollstd12": 0.012207396976106843,
        "NMHC(GT)_lag12": 0.008714137277138722,
        "T_lag24": 0.008159048731008967,
        "hour_lag3": 0.008018575446078136,
        "PT08.S5(O3)_rollstd6": 0.007745963812304457,
        "C6H6(GT)_lag6": 0.007595809304276635,
        "NO2(GT)_rollstd12": 0.0074876184984383086,
        "AH_lag3": 0.006713857707693083,
        "NO2(GT)_rollstd3": 0.006500078900886131,
        "RH_rollstd3": 0.006160013332890202,
        "T_rollstd3": 0.005947130983608173,
        "T_rollmean3": 0.003961890488464159
      }
    }
  }
}