{
  "target": "NO2(GT)",
  "horizons": [
    1,
    2,
    3
  ],
  "rows_total": 215,
  "rows_train": 150,
  "rows_val": 32,
  "rows_test": 33,
  "models": {
    "H+1": {
      "paths": {
        "hgb": "./artifacts/model_NO2(GT)_H1_hgb.joblib"
      },
      "metrics_hgb": {
        "val": {
          "MAE": 1.7422759831633305,
          "RMSE": 2.360539783580362,
          "R2": 0.99191635729216
        },
        "test": {
          "MAE": 10.378056349056617,
          "RMSE": 12.699373731030448,
          "R2": 0.7429987072170638
        }
      },
      "metrics_rf": null,
      "top_features_val": {
        "hour_lag1": 0.22017287033756636,
        "C6H6(GT)_lag24": 0.06824439119007197,
        "T_rollstd12": 0.04390601632720605,
        "PT08.S1(CO)_lag24": 0.027187701747313376,
        "AH_lag24": 0.023446476720371832,
        "NOx(GT)_lag1": 0.018434055589298358,
        "NOx(GT)_rollmean3": 0.016791841921677087,
        "PT08.S3(NOx)_rollstd6": 0.013310244342377042,
        "T_lag12": 0.013113975747161711,
        "PT08.S2(NMHC)_lag1": 0.011526396673097405,
        "NOx(GT)_rollmean6": 0.011197923811808041,
        "NOx(GT)_lag6": 0.00873063897169104,
        "NO2(GT)_rollstd6": 0.0084247793247052,
        "PT08.S3(NOx)_rollmean3": 0.008119072870717803,
        "C6H6(GT)_lag1": 0.006950161238201269,
        "PT08.S3(NOx)_lag3": 0.006791074087349647,
        "NOx(GT)_rollmean12": 0.005978165437805582,
        "NOx(GT)_rollstd12": 0.005465255274597869,
        "AH_rollmean12": 0.00543889351046214,
        "PT08.S5(O3)_rollmean12": 0.005106089231971733
      }
    },
    "H+2": {
      "paths": {
        "hgb": "./artifacts/model_NO2(GT)_H2_hgb.joblib"
      },
      "metrics_hgb": {
        "val": {
          "MAE": 1.587195300964852,
          "RMSE": 2.1886977975895294,
          "R2": 0.9937905167189632
        },
        "test": {
          "MAE": 10.865828352115178,
          "RMSE": 14.677768811909676,
          "R2": 0.7279446020993448
        }
      },
      "metrics_rf": null,
      "top_features_val": {
        "hour_lag1": 0.2645149546247194,
        "NOx(GT)_lag6": 0.03612739316650197,
        "T_rollstd12": 0.026687782967004536,
        "NOx(GT)_rollmean3": 0.023830759555626725,
        "NOx(GT)_rollmean6": 0.022188395454041786,
        "T_lag1": 0.01216033913086576,
        "AH_lag24": 0.011809101529867116,
        "T_lag12": 0.010821907597103575,
        "NOx(GT)_lag12": 0.009012216309061283,
        "NO2(GT)_lag3": 0.007778058795892906,
        "C6H6(GT)_lag24": 0.006250200863592137,
        "NMHC(GT)_rollmean6": 0.005660892176454757,
        "AH_rollmean12": 0.005526629693209895,
        "PT08.S3(NOx)_lag12": 0.004997818162627588,
        "CO(GT)_rollmean12": 0.0049958153738423935,
        "CO(GT)_rollstd12": 0.004968969695611269,
        "NOx(GT)_rollmean12": 0.004506569442558228,
        "RH_rollmean3": 0.003600727036725826,
        "PT08.S5(O3)_lag24": 0.0033862306838171596,
        "AH_rollstd6": 0.0031535290516710333
      }
    },
    "H+3": {
      "paths": {
        "hgb": "./artifacts/model_NO2(GT)_H3_hgb.joblib"
      },
      "metrics_hgb": {
        "val": {
          "MAE": 1.7180527333669837,
          "RMSE": 2.424783992400548,
          "R2": 0.9927690202688882
        },
        "test": {
          "MAE": 12.997806587197195,
          "RMSE": 15.995642279431333,
          "R2": 0.6845183143566802
        }
      },
      "metrics_rf": null,
      "top_features_val": {
        "hour_lag1": 0.3280777770986887,
        "RH_rollstd12": 0.052223077845740984,
        "NOx(GT)_rollmean3": 0.03793212530066068,
        "T_lag24": 0.015631928937731753,
        "AH_lag24": 0.013398911201061537,
        "C6H6(GT)_lag24": 0.013376372449253205,
        "NOx(GT)_lag2": 0.011917060289886861,
        "PT08.S3(NOx)_rollstd12": 0.009879484163145213,
        "NOx(GT)_rollstd12": 0.00928891916185839,
        "T_lag12": 0.009248455976171433,
        "NOx(GT)_lag1": 0.00803040027208506,
        "NOx(GT)_rollmean12": 0.0071209002661173585,
        "AH_rollstd3": 0.006970510694706822,
        "PT08.S1(CO)_rollmean6": 0.006598844677180193,
        "PT08.S5(O3)_lag6": 0.00544696777970941,
        "NOx(GT)_lag24": 0.005072591285754635,
        "PT08.S4(NO2)_lag6": 0.004913442495644804,
        "T_rollstd12": 0.004851836468886117,
        "CO(GT)_rollmean3": 0.004808718201911954,
        "PT08.S1(CO)_lag24": 0.004558474509877697
      }
    }
  }
}