{
  "target": "PT08.S5(O3)",
  "horizons": [
    1,
    2,
    3
  ],
  "rows_total": 300,
  "rows_train": 210,
  "rows_val": 45,
  "rows_test": 45,
  "models": {
    "H+1": {
      "paths": {
        "hgb": "./artifacts\\model_PT08.S5(O3)_H1_hgb.joblib"
      },
      "metrics_hgb": {
        "val": {
          "MAE": 16.76213928642172,
          "RMSE": 24.07014350751081,
          "R2": 0.9951402509504592
        },
        "test": {
          "MAE": 195.98468246815156,
          "RMSE": 258.57130335061817,
          "R2": 0.6120322471948483
        }
      },
      "metrics_rf": null,
      "top_features_val": {
        "PT08.S1(CO)_lag1": 0.1360609190416538,
        "hour_lag3": 0.05167244855496498,
        "NOx(GT)_rollmean12": 0.04929877501643061,
        "PT08.S4(NO2)_lag1": 0.04580381708791341,
        "PT08.S5(O3)_lag1": 0.03787250699082685,
        "NOx(GT)_lag1": 0.030528606876256293,
        "NOx(GT)_rollmean3": 0.02040213090149483,
        "PT08.S1(CO)_lag24": 0.019329007620107343,
        "T_rollstd12": 0.016716796137310252,
        "NO2(GT)_rollmean3": 0.013085345045938146,
        "RH_lag1": 0.01260628998579887,
        "T_lag1": 0.011423238004051695,
        "AH_lag24": 0.011419205735381643,
        "NOx(GT)_rollstd12": 0.00954828135563257,
        "T_lag12": 0.00653044546542747,
        "PT08.S2(NMHC)_lag1": 0.006094290856221906,
        "PT08.S3(NOx)_rollstd6": 0.005250557048759474,
        "T_lag24": 0.0049383691316063905,
        "PT08.S5(O3)_rollstd12": 0.004679508538148536,
        "NO2(GT)_lag24": 0.0045693171100880114
      }
    },
    "H+2": {
      "paths": {
        "hgb": "./artifacts\\model_PT08.S5(O3)_H2_hgb.joblib"
      },
      "metrics_hgb": {
        "val": {
          "MAE": 15.87572793025906,
          "RMSE": 26.117370802754344,
          "R2": 0.9942444183741725
        },
        "test": {
          "MAE": 221.2830275406311,
          "RMSE": 298.79256598244973,
          "R2": 0.47116329287546377
        }
      },
      "metrics_rf": null,
      "top_features_val": {
        "C6H6(GT)_lag1": 0.1029779213899386,
        "hour_lag3": 0.05910000396785897,
        "T_rollstd12": 0.05906544285187372,
        "NO2(GT)_rollmean3": 0.03914531837501008,
        "NOx(GT)_rollmean6": 0.03459605455399908,
        "AH_lag24": 0.02310848983403573,
        "PT08.S2(NMHC)_lag1": 0.01767592851447646,
        "T_lag1": 0.017259538738268642,
        "RH_lag1": 0.016076712957452898,
        "NOx(GT)_lag1": 0.015492902729607749,
        "NOx(GT)_rollstd12": 0.015459972647839649,
        "NOx(GT)_rollmean3": 0.012808957054818904,
        "PT08.S4(NO2)_lag1": 0.011801430871608431,
        "PT08.S1(CO)_lag1": 0.009125594588628183,
        "PT08.S5(O3)_rollmean12": 0.008328890282507339,
        "AH_rollstd6": 0.008259279958437737,
        "NOx(GT)_lag6": 0.008195567837365548,
        "NOx(GT)_rollmean12": 0.0068721740105629255,
        "T_rollmean12": 0.006746415145001983,
        "C6H6(GT)_rollmean3": 0.0063521099204363555
      }
    },
    "H+3": {
      "paths": {
        "hgb": "./artifacts\\model_PT08.S5(O3)_H3_hgb.joblib"
      },
      "metrics_hgb": {
        "val": {
          "MAE": 20.82454770018167,
          "RMSE": 32.052094286983944,
          "R2": 0.9901219751694058
        },
        "test": {
          "MAE": 191.1275732744822,
          "RMSE": 259.7281822963509,
          "R2": 0.5026335685047734
        }
      },
      "metrics_rf": null,
      "top_features_val": {
        "NOx(GT)_rollmean3": 0.15456066156669612,
        "hour_lag3": 0.05857863157814005,
        "PT08.S5(O3)_rollmean12": 0.04353033598416802,
        "C6H6(GT)_lag1": 0.04257310249037949,
        "T_rollmean12": 0.03909567947795822,
        "T_rollstd12": 0.03762844600368751,
        "NOx(GT)_rollmean6": 0.030495963793642944,
        "NO2(GT)_lag12": 0.02048587171114218,
        "T_lag24": 0.01840618571359729,
        "AH_lag24": 0.017667790979360953,
        "RH_lag2": 0.016117395241109934,
        "RH_lag1": 0.014358888912035161,
        "NOx(GT)_lag1": 0.01382136815865347,
        "PT08.S4(NO2)_lag1": 0.01261639150723406,
        "AH_rollstd12": 0.012614797138160916,
        "NO2(GT)_rollmean3": 0.011391163363656375,
        "RH_rollstd12": 0.01130530706382682,
        "NMHC(GT)_lag12": 0.010792846504935904,
        "NO2(GT)_rollstd12": 0.010773112198948099,
        "NOx(GT)_lag24": 0.009212129596578422
      }
    }
  }
}