{
  "target": "NOx(GT)",
  "horizons": [
    1,
    2,
    3
  ],
  "rows_total": 215,
  "rows_train": 150,
  "rows_val": 32,
  "rows_test": 33,
  "models": {
    "H+1": {
      "paths": {
        "hgb": "./artifacts\\model_NOx(GT)_H1_hgb.joblib"
      },
      "metrics_hgb": {
        "val": {
          "MAE": 5.5872374603883115,
          "RMSE": 7.976093307404861,
          "R2": 0.9887022982876804
        },
        "test": {
          "MAE": 25.937748176063497,
          "RMSE": 33.25240699252968,
          "R2": 0.7804441108034545
        }
      },
      "metrics_rf": null,
      "top_features_val": {
        "hour_lag1": 0.2097875829905913,
        "RH_rollstd12": 0.038887550816859726,
        "PT08.S4(NO2)_rollstd12": 0.03345722993154512,
        "PT08.S4(NO2)_lag24": 0.0326940167242741,
        "NOx(GT)_lag1": 0.023846060917443724,
        "PT08.S5(O3)_rollmean12": 0.023127753919997662,
        "PT08.S4(NO2)_rollmean12": 0.02098642057202782,
        "C6H6(GT)_lag3": 0.017187199986260882,
        "NOx(GT)_rollmean3": 0.016236190241428573,
        "AH_rollstd12": 0.014979456721597284,
        "PT08.S3(NOx)_rollstd6": 0.013045452869572038,
        "RH_lag1": 0.0076684762788547635,
        "PT08.S1(CO)_lag24": 0.007504947725574152,
        "AH_lag24": 0.007353860737831686,
        "NO2(GT)_rollmean6": 0.007134814580307558,
        "NMHC(GT)_lag1": 0.006474257193684108,
        "NO2(GT)_rollstd12": 0.005499943301874244,
        "NOx(GT)_rollstd12": 0.005489224828907813,
        "RH_lag24": 0.00468900408920776,
        "PT08.S3(NOx)_rollmean3": 0.0045600263420802365
      }
    },
    "H+2": {
      "paths": {
        "hgb": "./artifacts\\model_NOx(GT)_H2_hgb.joblib"
      },
      "metrics_hgb": {
        "val": {
          "MAE": 4.131059124646975,
          "RMSE": 5.573821862214995,
          "R2": 0.9944583569222925
        },
        "test": {
          "MAE": 32.158997456143204,
          "RMSE": 39.983698483018784,
          "R2": 0.7145517786642865
        }
      },
      "metrics_rf": null,
      "top_features_val": {
        "hour_lag1": 0.3974557480365757,
        "RH_rollstd12": 0.03759519839282928,
        "PT08.S1(CO)_rollmean6": 0.03467639529830442,
        "T_lag1": 0.018727002489694434,
        "NOx(GT)_lag1": 0.015796478654717117,
        "PT08.S5(O3)_lag6": 0.014769823182418883,
        "PT08.S4(NO2)_rollstd12": 0.011602691980216795,
        "AH_rollmean12": 0.00937568754529341,
        "NOx(GT)_rollmean6": 0.007825575546116625,
        "PT08.S3(NOx)_rollmean3": 0.007461767381710937,
        "PT08.S1(CO)_lag24": 0.007410500903854933,
        "PT08.S1(CO)_rollstd6": 0.006510353063402352,
        "NOx(GT)_rollstd12": 0.005813181790389965,
        "PT08.S5(O3)_rollstd12": 0.005792216413380613,
        "NOx(GT)_rollmean3": 0.0056288057440659674,
        "PT08.S1(CO)_rollmean12": 0.005335367956070125,
        "AH_rollstd6": 0.005193677378054961,
        "T_lag12": 0.005006656221267902,
        "AH_lag24": 0.004803813076540808,
        "NMHC(GT)_rollmean6": 0.0046215724992928475
      }
    },
    "H+3": {
      "paths": {
        "hgb": "./artifacts\\model_NOx(GT)_H3_hgb.joblib"
      },
      "metrics_hgb": {
        "val": {
          "MAE": 3.7868784030146196,
          "RMSE": 6.019715719114505,
          "R2": 0.9934203514718585
        },
        "test": {
          "MAE": 34.91600108585925,
          "RMSE": 42.34016768081172,
          "R2": 0.5928368098477316
        }
      },
      "metrics_rf": null,
      "top_features_val": {
        "hour_lag1": 0.27611796728039417,
        "RH_rollstd12": 0.05308303172515505,
        "PT08.S1(CO)_lag24": 0.05078214737152285,
        "NOx(GT)_rollstd12": 0.033393786065157284,
        "NOx(GT)_rollmean3": 0.015801666981959107,
        "T_lag12": 0.014784623447628898,
        "NO2(GT)_lag24": 0.011326986636496051,
        "PT08.S5(O3)_lag6": 0.010989203433308403,
        "NOx(GT)_lag1": 0.009941836922242264,
        "C6H6(GT)_lag24": 0.007499108707098356,
        "AH_rollstd6": 0.0065853434317130425,
        "C6H6(GT)_rollstd3": 0.006361193778427476,
        "PT08.S1(CO)_rollstd12": 0.005923857256389065,
        "NO2(GT)_rollstd12": 0.005558941458044054,
        "T_lag24": 0.005516279681721414,
        "C6H6(GT)_lag12": 0.0052204293071921315,
        "RH_lag24": 0.005172508971200607,
        "PT08.S1(CO)_rollmean6": 0.005122840522627148,
        "CO(GT)_lag12": 0.004810556613405836,
        "NO2(GT)_rollmean6": 0.003491002763663742
      }
    }
  }
}